conn system /123
create user ocp identified by 123;
grant connect,RESOURCE to ocp;
conn ocp/123;
Drop table Employees;
Drop table Formtion;
Drop table Plan_formation;
Drop table Evaluation_Finance;
create table Employees (Matricule Varchar2(8) primary key,Nom varchar2(30) not null,Prenom varchar2(30) not null,Site varchar2(30),Date_naissance Date , Sexe number(1),Date_recrutement Date, Departement varchar2(30) not null ,Csp varchar2(30) not null,Fonction varchar2(30));
create table Formation (Code_formation number(8) PRIMARY KEY,Date_debut Date , Duree number(3),Nb_heurs number(4),Prestataire varchar2(30),Intitule_formation varchar2(30) not null,Type_formation varchar2(30) UNIQUE , Competence_visee varchar2(50) not null,Parcours varchar2(30),Objectifs varchar2(50),Formateur Varchar2(28),cout_total number(10,3));
create table Plan_formation (Id number(8) primary key,Code_formation number(8),Constraint F_fk foreign key(Code_Formation) references Formation(Code_formation),Matricule Varchar2(8) ,Constraint EE_fk foreign key(Matricule) references Employees(Matricule),Presence number(4),Note number(2),Performance varchar2(50) ,Commentaire varchar2(100));
alter table Employees add constraint check_sexe check(Sexe=1 or Sexe=0);
alter table Employees add constraint check_date check (Date_naissance > sysdate) ;
insert into Employees values('E01','Nom1','Prenom1','SITE1',TO_DATE('12.03.1998','dd.mm.yyyy'),1,TO_DATE('12.03.2007','dd.mm.yyyy'),'Vente','Cadre','F1');
insert into Employees values('E02','Nom2','Prenom2','SITE2',TO_DATE('12.03.1998','dd.mm.yyyy'),1,TO_DATE('19.02.2012','dd.mm.yyyy'),'Logistique','Top manager','F2');
insert into Employees values('E03','Nom3','Prenom3','SITE3',TO_DATE('12.03.1998','dd.mm.yyyy'),1,TO_DATE('19.02.2012','dd.mm.yyyy'),'Fianances','Technicien','F3');
insert into Employees values('E04','Nom4','Prenom4','SITE1',TO_DATE('12.03.1998','dd.mm.yyyy'),1,TO_DATE('12.03.2007','dd.mm.yyyy'),'Ressources Humaines','Cadre','F4');
insert into Employees values('E05','Nom5','Prenom5','SITE5',TO_DATE('12.03.1998','dd.mm.yyyy'),1,TO_DATE('19.02.2012','dd.mm.yyyy'),'Production','Tgent maitrice','F5');
insert into Employees values('E06','Nom6','Prenom6','SITE1',TO_DATE('12.03.1998','dd.mm.yyyy'),1,TO_DATE('12.03.2007','dd.mm.yyyy'),'Vente','Cadre','F6');
insert into Employees values('E07','Nom7','Prenom7','SITE10',TO_DATE('12.03.1998','dd.mm.yyyy'),1,TO_DATE('19.02.2012','dd.mm.yyyy'),'Logistique','Top manager','F7');
insert into Employees values('E08','Nom8','Prenom8','SITE1',TO_DATE('12.03.1998','dd.mm.yyyy'),1,TO_DATE('12.03.2007','dd.mm.yyyy'),'Vente','Cadre','F1');
insert into Employees values('E09','Nom9','Prenom9','SITE2',TO_DATE('12.03.1998','dd.mm.yyyy'),1,TO_DATE('19.02.2012','dd.mm.yyyy'),'Production','Top manager','F8');
insert into Employees values('E10','Nom10','Prenom10','SITE1',TO_DATE('12.03.1998','dd.mm.yyyy'),1,TO_DATE('12.03.2007','dd.mm.yyyy'),'Fianances','Cadre','F10');
insert into Employees values('E11','Nom11','Prenom11','SITE2',TO_DATE('12.03.1998','dd.mm.yyyy'),1,TO_DATE('19.02.2012','dd.mm.yyyy'),'Logistique','agent maitrice','F11');
insert into Employees values('E12','Nom12','Prenom12','SITE1',TO_DATE('12.03.1998','dd.mm.yyyy'),1,TO_DATE('12.03.2007','dd.mm.yyyy'),'Ressources Humaines','Technicieb','F9');
insert into Employees values('E13','Nom13','Prenom13','SITE2',TO_DATE('12.03.1998','dd.mm.yyyy'),1,TO_DATE('19.02.2012','dd.mm.yyyy'),'Logistique','Top manager','F9');
insert into Employees values('E14','Nom14','Prenom14','SITE8',TO_DATE('12.03.1998','dd.mm.yyyy'),1,TO_DATE('12.03.2007','dd.mm.yyyy'),'Vente','Cadre','F1');
insert into Employees values('E15','Nom15','Prenom15','SITE3',TO_DATE('12.03.1998','dd.mm.yyyy'),1,TO_DATE('19.02.2012','dd.mm.yyyy'),'Logistique','Top manager','F19');
insert into Employees values('E16','Nom16','Prenom16','SITE1',TO_DATE('12.03.1998','dd.mm.yyyy'),1,TO_DATE('12.03.2007','dd.mm.yyyy'),'Vente','Cadre','F15');
insert into Employees values('E17','Nom17','Prenom17','SITE2',TO_DATE('12.03.1998','dd.mm.yyyy'),1,TO_DATE('19.02.2012','dd.mm.yyyy'),'Fianances','agent maitrice','F12');
insert into Employees values('E18','Nom18','Prenom18','SITE11',TO_DATE('12.03.1998','dd.mm.yyyy'),1,TO_DATE('12.03.2007','dd.mm.yyyy'),'Ressources Humaines','Cadre','F17');
insert into Employees values('E19','Nom19','Prenom19','SITE2',TO_DATE('12.03.1998','dd.mm.yyyy'),1,TO_DATE('19.02.2012','dd.mm.yyyy'),'Logistique','gent maitrice','F20');
create table login(username varchar2(40) primary key , mdp varchar(30) not null);
insert into login values ('admin','admin');
create sequence seq_formation increment by 1 start WITH 3 ;
create sequence seq_Plan_formation increment by 1 start WITH 1 ;
insert into Formation values (1,TO_DATE('12.03.2023','dd.mm.yyyy'),12,12*5,'CESI','I1','Intra-entreprise','Beaurutique et Digital','Formation qualifiante L','XXXX','Mr.bachir',4000);
insert into Formation values (2,TO_DATE('12.02.2023','dd.mm.yyyy'),9,9*5,'IDEO','I2','Classe virtuelle','Management et Leadership','Certification','XXXX','Mrkhalil',3000);
insert into Formation values (seq_formation.NEXTVAL,TO_DATE('12.01.2022','dd.mm.yyyy'),12,12*5,'Pigier','I3','ntra-entreprises','Techniques de vente','Formation qualifiante L','XXXX','Mr.bachir',8000);
insert into Formation values (seq_formation.NEXTVAL,TO_DATE('12.03.2022','dd.mm.yyyy'),9,9*5,'AFC','I4','FInternet','Marketing et Communication','Certification','XXXX','Mrkhalil',13000);
insert into Formation values (seq_formation.NEXTVAL,TO_DATE('12.05.2022','dd.mm.yyyy'),9,9*5,'CC Mezghena','I6','E-learning','Droit et Réglementation','Certification','XXXX','Mrkhalil',6000);
COMMIT;
insert into Plan_formation values (seq_Plan_formation.NEXTVAL,1,'E01',8,10,'Excellent','XXXX');
insert into Plan_formation values (seq_Plan_formation.NEXTVAL,2,'E02',8,0,'Mauvaise','XXXX');
insert into Plan_formation values (seq_Plan_formation.NEXTVAL,3,'E03',8,5,'Répond aux attentes','XXXX');
insert into Plan_formation values (seq_Plan_formation.NEXTVAL,4,'E04',8,6,'en déça des attentes','XXXX');
insert into Plan_formation values (seq_Plan_formation.NEXTVAL,5,'E05',8,10,'Excellent','XXXX');
insert into Plan_formation values (seq_Plan_formation.NEXTVAL,1,'E09',8,10,'Excellent','XXXX');
insert into Plan_formation values (seq_Plan_formation.NEXTVAL,2,'E10',8,4,'Mauvaise','XXXX');
insert into Plan_formation values (seq_Plan_formation.NEXTVAL,3,'E11',8,10,'Excellent','XXXX');
insert into Plan_formation values (seq_Plan_formation.NEXTVAL,4,'E12',8,8,'en déça des attentes','XXXX');
insert into Plan_formation values (seq_Plan_formation.NEXTVAL,5,'E13',8,10,'Excellent','XXXX');
insert into Plan_formation values (seq_Plan_formation.NEXTVAL,1,'E17',8,10,'Excellent','XXXX');
insert into Plan_formation values (seq_Plan_formation.NEXTVAL,2,'E18',8,5,'Répond aux attentes','XXXX');
insert into Plan_formation values (seq_Plan_formation.NEXTVAL,3,'E19',8,7,'en déça des attentes','XXXX');
insert into Plan_formation values (seq_Plan_formation.NEXTVAL,4,'E01',8,10,'Excellent','XXXX');
insert into Plan_formation values (seq_Plan_formation.NEXTVAL,5,'E02',8,2,'Mauvaise','XXXX');
insert into Plan_formation values (seq_Plan_formation.NEXTVAL,1,'E06',8,7,'en déça des attentes','XXXX');
commit;
